<?xml version="1.0" encoding="UTF-8"?>
<metadata xml:lang="zh"><Esri><CreaDate>20170615</CreaDate><CreaTime>10133100</CreaTime><ArcGISFormat>1.0</ArcGISFormat><SyncOnce>FALSE</SyncOnce><DataProperties><itemProps><itemName Sync="TRUE">GZ_HZ_TRA_UTM_clip_ToPo_All</itemName><imsContentType Sync="TRUE">002</imsContentType><itemSize Sync="TRUE">0.000</itemSize><itemLocation><linkage Sync="TRUE">file://\\LWD\E$\梁伟东\2.科研\WaterMasking\Test_Data.gdb</linkage><protocol Sync="TRUE">Local Area Network</protocol></itemLocation></itemProps><coordRef><type Sync="TRUE">Projected</type><geogcsn Sync="TRUE">GCS_WGS_1984</geogcsn><csUnits Sync="TRUE">Linear Unit: Meter (1.000000)</csUnits><peXml Sync="TRUE">&lt;ProjectedCoordinateSystem xsi:type='typens:ProjectedCoordinateSystem' xmlns:xsi='http://www.w3.org/2001/XMLSchema-instance' xmlns:xs='http://www.w3.org/2001/XMLSchema' xmlns:typens='http://www.esri.com/schemas/ArcGIS/10.1'&gt;&lt;WKT&gt;PROJCS[&amp;quot;WGS_1984_UTM_Zone_49N&amp;quot;,GEOGCS[&amp;quot;GCS_WGS_1984&amp;quot;,DATUM[&amp;quot;D_WGS_1984&amp;quot;,SPHEROID[&amp;quot;WGS_1984&amp;quot;,6378137.0,298.257223563]],PRIMEM[&amp;quot;Greenwich&amp;quot;,0.0],UNIT[&amp;quot;Degree&amp;quot;,0.0174532925199433]],PROJECTION[&amp;quot;Transverse_Mercator&amp;quot;],PARAMETER[&amp;quot;False_Easting&amp;quot;,500000.0],PARAMETER[&amp;quot;False_Northing&amp;quot;,0.0],PARAMETER[&amp;quot;Central_Meridian&amp;quot;,111.0],PARAMETER[&amp;quot;Scale_Factor&amp;quot;,0.9996],PARAMETER[&amp;quot;Latitude_Of_Origin&amp;quot;,0.0],UNIT[&amp;quot;Meter&amp;quot;,1.0],AUTHORITY[&amp;quot;EPSG&amp;quot;,32649]]&lt;/WKT&gt;&lt;XOrigin&gt;-5120900&lt;/XOrigin&gt;&lt;YOrigin&gt;-9998100&lt;/YOrigin&gt;&lt;XYScale&gt;10000&lt;/XYScale&gt;&lt;ZOrigin&gt;-100000&lt;/ZOrigin&gt;&lt;ZScale&gt;10000&lt;/ZScale&gt;&lt;MOrigin&gt;-100000&lt;/MOrigin&gt;&lt;MScale&gt;10000&lt;/MScale&gt;&lt;XYTolerance&gt;0.001&lt;/XYTolerance&gt;&lt;ZTolerance&gt;0.001&lt;/ZTolerance&gt;&lt;MTolerance&gt;0.001&lt;/MTolerance&gt;&lt;HighPrecision&gt;true&lt;/HighPrecision&gt;&lt;WKID&gt;32649&lt;/WKID&gt;&lt;LatestWKID&gt;32649&lt;/LatestWKID&gt;&lt;/ProjectedCoordinateSystem&gt;</peXml><projcsn Sync="TRUE">WGS_1984_UTM_Zone_49N</projcsn></coordRef><lineage><Process ToolSource="c:\program files\arcgis\desktop10.1\ArcToolbox\Toolboxes\Data Management Tools.tbx\Merge" Date="20150824" Time="201251">Merge 范围内原始\范围内TRA_CL;范围外纠正\范围外TRA_CL D:\广州实验\！广州质量纠偏0823\3.数据完成\V_I_TRA_CL.shp "FID_1 "FID_1" true true false 19 Double 0 0 ,First,#,范围内原始\范围内TRA_CL,FID_1,-1,-1,范围外纠正\范围外TRA_CL,FID_1,-1,-1;GEOCODE "GEOCODE" true true false 19 Double 0 0 ,First,#,范围内原始\范围内TRA_CL,GEOCODE,-1,-1,范围外纠正\范围外TRA_CL,GEOCODE,-1,-1;NAME "NAME" true true false 50 Text 0 0 ,First,#,范围内原始\范围内TRA_CL,NAME,-1,-1,范围外纠正\范围外TRA_CL,NAME,-1,-1;ROADNO "ROADNO" true true false 10 Text 0 0 ,First,#,范围内原始\范围内TRA_CL,ROADNO,-1,-1,范围外纠正\范围外TRA_CL,ROADNO,-1,-1;MATERIALTY "MATERIALTY" true true false 10 Text 0 0 ,First,#,范围内原始\范围内TRA_CL,MATERIALTY,-1,-1,范围外纠正\范围外TRA_CL,MATERIALTY,-1,-1;STARTDATE "STARTDATE" true true false 8 Date 0 0 ,First,#,范围内原始\范围内TRA_CL,STARTDATE,-1,-1,范围外纠正\范围外TRA_CL,STARTDATE,-1,-1;UPDATEDATE "UPDATEDATE" true true false 8 Date 0 0 ,First,#,范围内原始\范围内TRA_CL,UPDATEDATE,-1,-1,范围外纠正\范围外TRA_CL,UPDATEDATE,-1,-1"</Process><Process ToolSource="c:\program files\arcgis\desktop10.1\ArcToolbox\Toolboxes\Data Management Tools.tbx\CalculateField" Date="20151008" Time="141604">CalculateField V_I_TRA_CL FID_1 [FID] VB #</Process><Process ToolSource="c:\program files\arcgis\desktop10.1\ArcToolbox\Toolboxes\Conversion Tools.tbx\FeatureClassToFeatureClass" Date="20151012" Time="151543">FeatureClassToFeatureClass D:\干活\2015.07.20南网一张图项目\广东\10.8广州原始数据\2范围外\GZ_V_I_TRA_CL_W.shp D:\干活\2015.07.20南网一张图项目\广东\10.8广州原始数据\2范围外\广州范围外.gdb\广州范围外路网 GZ_V_I_TRA_CL_W_5TP # "FID_1 "FID_1" true true false 19 Double 0 0 ,First,#,D:\干活\2015.07.20南网一张图项目\广东\10.8广州原始数据\2范围外\GZ_V_I_TRA_CL_W.shp,FID_1,-1,-1;GEOCODE "GEOCODE" true true false 19 Double 0 0 ,First,#,D:\干活\2015.07.20南网一张图项目\广东\10.8广州原始数据\2范围外\GZ_V_I_TRA_CL_W.shp,GEOCODE,-1,-1;NAME "NAME" true true false 50 Text 0 0 ,First,#,D:\干活\2015.07.20南网一张图项目\广东\10.8广州原始数据\2范围外\GZ_V_I_TRA_CL_W.shp,NAME,-1,-1;ROADNO "ROADNO" true true false 10 Text 0 0 ,First,#,D:\干活\2015.07.20南网一张图项目\广东\10.8广州原始数据\2范围外\GZ_V_I_TRA_CL_W.shp,ROADNO,-1,-1;MATERIALTY "MATERIALTY" true true false 10 Text 0 0 ,First,#,D:\干活\2015.07.20南网一张图项目\广东\10.8广州原始数据\2范围外\GZ_V_I_TRA_CL_W.shp,MATERIALTY,-1,-1;STARTDATE "STARTDATE" true true false 8 Date 0 0 ,First,#,D:\干活\2015.07.20南网一张图项目\广东\10.8广州原始数据\2范围外\GZ_V_I_TRA_CL_W.shp,STARTDATE,-1,-1;UPDATEDATE "UPDATEDATE" true true false 8 Date 0 0 ,First,#,D:\干活\2015.07.20南网一张图项目\广东\10.8广州原始数据\2范围外\GZ_V_I_TRA_CL_W.shp,UPDATEDATE,-1,-1" #</Process><Process ToolSource="c:\program files\arcgis\desktop10.1\ArcToolbox\Toolboxes\Editing Tools.tbx\ExtendLine" Date="20151014" Time="144149">ExtendLine D:\干活\2015.07.20南网一张图项目\广东\10.8广州原始数据\范围外过程数据\GZ_V_I_TRA_W_TEST.shp "5 Meters" EXTENSION</Process><Process ToolSource="c:\program files\arcgis\desktop10.1\ArcToolbox\Toolboxes\Editing Tools.tbx\ExtendLine" Date="20151014" Time="150710">ExtendLine D:\干活\2015.07.20南网一张图项目\广东\10.8广州原始数据\范围外过程数据\GZ_V_I_TRA_W_TEST.shp "5 Meters" EXTENSION</Process><Process ToolSource="c:\program files\arcgis\desktop10.1\ArcToolbox\Toolboxes\Editing Tools.tbx\ExtendLine" Date="20151014" Time="161713">ExtendLine D:\干活\2015.07.20南网一张图项目\广东\10.8广州原始数据\范围外过程数据\GZ_V_I_TRA_W_TEST.shp "2 Meters" FEATURE</Process><Process ToolSource="c:\program files (x86)\arcgis\desktop10.2\ArcToolbox\Toolboxes\Editing Tools.tbx\ExtendLine" Date="20151014" Time="162456">ExtendLine D:\范围外过程数据\GZ_V_I_TRA_W_TEST.shp "3 Meters" FEATURE</Process><Process ToolSource="c:\program files\arcgis\desktop10.1\ArcToolbox\Toolboxes\Conversion Tools.tbx\FeatureClassToFeatureClass" Date="20151014" Time="163448">FeatureClassToFeatureClass D:\干活\2015.07.20南网一张图项目\广东\10.8广州原始数据\00范围外过程数据\GZ_V_I_TRA_W_TEST.shp D:\干活\2015.07.20南网一张图项目\广东\10.8广州原始数据\00范围外过程数据\广州范围外.gdb\广州范围外 GZ_V_I_TRA_W_TEST_5TP # "OBJECTID "OBJECTID" true true false 9 Long 0 9 ,First,#,D:\干活\2015.07.20南网一张图项目\广东\10.8广州原始数据\00范围外过程数据\GZ_V_I_TRA_W_TEST.shp,OBJECTID,-1,-1;FID_1 "FID_1" true true false 19 Double 0 0 ,First,#,D:\干活\2015.07.20南网一张图项目\广东\10.8广州原始数据\00范围外过程数据\GZ_V_I_TRA_W_TEST.shp,FID_1,-1,-1;GEOCODE "GEOCODE" true true false 19 Double 0 0 ,First,#,D:\干活\2015.07.20南网一张图项目\广东\10.8广州原始数据\00范围外过程数据\GZ_V_I_TRA_W_TEST.shp,GEOCODE,-1,-1;NAME "NAME" true true false 50 Text 0 0 ,First,#,D:\干活\2015.07.20南网一张图项目\广东\10.8广州原始数据\00范围外过程数据\GZ_V_I_TRA_W_TEST.shp,NAME,-1,-1;ROADNO "ROADNO" true true false 10 Text 0 0 ,First,#,D:\干活\2015.07.20南网一张图项目\广东\10.8广州原始数据\00范围外过程数据\GZ_V_I_TRA_W_TEST.shp,ROADNO,-1,-1;MATERIALTY "MATERIALTY" true true false 10 Text 0 0 ,First,#,D:\干活\2015.07.20南网一张图项目\广东\10.8广州原始数据\00范围外过程数据\GZ_V_I_TRA_W_TEST.shp,MATERIALTY,-1,-1;STARTDATE "STARTDATE" true true false 8 Date 0 0 ,First,#,D:\干活\2015.07.20南网一张图项目\广东\10.8广州原始数据\00范围外过程数据\GZ_V_I_TRA_W_TEST.shp,STARTDATE,-1,-1;UPDATEDATE "UPDATEDATE" true true false 8 Date 0 0 ,First,#,D:\干活\2015.07.20南网一张图项目\广东\10.8广州原始数据\00范围外过程数据\GZ_V_I_TRA_W_TEST.shp,UPDATEDATE,-1,-1;Shape_Leng "Shape_Leng" true true false 19 Double 0 0 ,First,#,D:\干活\2015.07.20南网一张图项目\广东\10.8广州原始数据\00范围外过程数据\GZ_V_I_TRA_W_TEST.shp,Shape_Leng,-1,-1" #</Process><Process ToolSource="c:\program files\arcgis\desktop10.1\ArcToolbox\Toolboxes\Data Management Tools.tbx\Merge" Date="20151021" Time="113324">Merge D:\干活\2015.07.20南网一张图项目\广东\1021广州合\GZ_V_I_TRA_W_5TP_1021_高等级版.shp;D:\干活\2015.07.20南网一张图项目\广东\1021广州合\广州高等级连通版_内已修改县道.shp D:\干活\2015.07.20南网一张图项目\广东\1021广州合\广州路网合版\GZ_V_I_TRA_高等级版_M.shp "OBJECTID_1 "OBJECTID_1" true true false 9 Long 0 9 ,First,#,D:\干活\2015.07.20南网一张图项目\广东\1021广州合\GZ_V_I_TRA_W_5TP_1021_高等级版.shp,OBJECTID_1,-1,-1,D:\干活\2015.07.20南网一张图项目\广东\1021广州合\广州高等级连通版_内已修改县道.shp,OBJECTID_1,-1,-1;OBJECTID "OBJECTID" true true false 9 Long 0 9 ,First,#,D:\干活\2015.07.20南网一张图项目\广东\1021广州合\GZ_V_I_TRA_W_5TP_1021_高等级版.shp,OBJECTID,-1,-1,D:\干活\2015.07.20南网一张图项目\广东\1021广州合\广州高等级连通版_内已修改县道.shp,OBJECTID,-1,-1;FID_1 "FID_1" true true false 19 Double 0 0 ,First,#,D:\干活\2015.07.20南网一张图项目\广东\1021广州合\GZ_V_I_TRA_W_5TP_1021_高等级版.shp,FID_1,-1,-1,D:\干活\2015.07.20南网一张图项目\广东\1021广州合\广州高等级连通版_内已修改县道.shp,FID_1,-1,-1;GEOCODE "GEOCODE" true true false 19 Double 0 0 ,First,#,D:\干活\2015.07.20南网一张图项目\广东\1021广州合\GZ_V_I_TRA_W_5TP_1021_高等级版.shp,GEOCODE,-1,-1,D:\干活\2015.07.20南网一张图项目\广东\1021广州合\广州高等级连通版_内已修改县道.shp,GEOCODE,-1,-1;NAME "NAME" true true false 50 Text 0 0 ,First,#,D:\干活\2015.07.20南网一张图项目\广东\1021广州合\GZ_V_I_TRA_W_5TP_1021_高等级版.shp,NAME,-1,-1,D:\干活\2015.07.20南网一张图项目\广东\1021广州合\广州高等级连通版_内已修改县道.shp,NAME,-1,-1;ROADNO "ROADNO" true true false 10 Text 0 0 ,First,#,D:\干活\2015.07.20南网一张图项目\广东\1021广州合\GZ_V_I_TRA_W_5TP_1021_高等级版.shp,ROADNO,-1,-1,D:\干活\2015.07.20南网一张图项目\广东\1021广州合\广州高等级连通版_内已修改县道.shp,ROADNO,-1,-1;MATERIALTY "MATERIALTY" true true false 10 Text 0 0 ,First,#,D:\干活\2015.07.20南网一张图项目\广东\1021广州合\GZ_V_I_TRA_W_5TP_1021_高等级版.shp,MATERIALTY,-1,-1,D:\干活\2015.07.20南网一张图项目\广东\1021广州合\广州高等级连通版_内已修改县道.shp,MATERIALTY,-1,-1;STARTDATE "STARTDATE" true true false 8 Date 0 0 ,First,#,D:\干活\2015.07.20南网一张图项目\广东\1021广州合\GZ_V_I_TRA_W_5TP_1021_高等级版.shp,STARTDATE,-1,-1,D:\干活\2015.07.20南网一张图项目\广东\1021广州合\广州高等级连通版_内已修改县道.shp,STARTDATE,-1,-1;UPDATEDATE "UPDATEDATE" true true false 8 Date 0 0 ,First,#,D:\干活\2015.07.20南网一张图项目\广东\1021广州合\GZ_V_I_TRA_W_5TP_1021_高等级版.shp,UPDATEDATE,-1,-1,D:\干活\2015.07.20南网一张图项目\广东\1021广州合\广州高等级连通版_内已修改县道.shp,UPDATEDATE,-1,-1;Shape_Leng "Shape_Leng" true true false 19 Double 0 0 ,First,#,D:\干活\2015.07.20南网一张图项目\广东\1021广州合\GZ_V_I_TRA_W_5TP_1021_高等级版.shp,Shape_Leng,-1,-1,D:\干活\2015.07.20南网一张图项目\广东\1021广州合\广州高等级连通版_内已修改县道.shp,Shape_Leng,-1,-1;Shape_Le_1 "Shape_Le_1" true true false 19 Double 0 0 ,First,#,D:\干活\2015.07.20南网一张图项目\广东\1021广州合\GZ_V_I_TRA_W_5TP_1021_高等级版.shp,Shape_Le_1,-1,-1,D:\干活\2015.07.20南网一张图项目\广东\1021广州合\广州高等级连通版_内已修改县道.shp,Shape_Le_1,-1,-1;OBJECTID_2 "OBJECTID_2" true true false 9 Long 0 9 ,First,#,D:\干活\2015.07.20南网一张图项目\广东\1021广州合\广州高等级连通版_内已修改县道.shp,OBJECTID_2,-1,-1;Shape_Le_2 "Shape_Le_2" true true false 19 Double 0 0 ,First,#,D:\干活\2015.07.20南网一张图项目\广东\1021广州合\广州高等级连通版_内已修改县道.shp,Shape_Le_2,-1,-1"</Process><Process Name="Select" ToolSource="c:\program files (x86)\arcgis\desktop10.3\ArcToolbox\Toolboxes\Analysis Tools.tbx\Select" Date="20151031" Time="104949">Select I_广州_高等级_分区10000_Ide_Spa_NAME_1 H:\梁伟东\20151031\各市高等级道路分片结果.gdb\广州市\V_I_TRA_L_海珠区 #</Process><Process Name="Rename" ToolSource="c:\program files (x86)\arcgis\desktop10.3\ArcToolbox\Toolboxes\Data Management Tools.tbx\Rename" Date="20151102" Time="171940">Rename D:\南方电网一张图拼接_最终阶段\新数据_广州市\Guangzhou_TRA_CL.gdb\Raw_Data_高等级版_分区\V_I_TRA_L_海珠区 D:\南方电网一张图拼接_最终阶段\新数据_广州市\Guangzhou_TRA_CL.gdb\Raw_Data_高等级版_分区\GD_V_I_TRA_L_海珠区_高级道路版 #</Process><Process ToolSource="c:\program files (x86)\arcgis\desktop10.2\ArcToolbox\Toolboxes\Data Management Tools.tbx\CalculateField" Date="20170608" Time="201732">CalculateField GZ_HZ_TRA_UTM_clip_ToPo_All P_X_1 Left( [P_X] ,2) VB #</Process><Process ToolSource="c:\program files (x86)\arcgis\desktop10.2\ArcToolbox\Toolboxes\Data Management Tools.tbx\CalculateField" Date="20170608" Time="201849">CalculateField GZ_HZ_TRA_UTM_clip_ToPo_All P_X_1 Right( [P_X] ,8) VB #</Process><Process ToolSource="c:\program files (x86)\arcgis\desktop10.2\ArcToolbox\Toolboxes\Data Management Tools.tbx\CalculateField" Date="20170608" Time="201951">CalculateField GZ_HZ_TRA_UTM_clip_ToPo_All P_X_1 Right( [P_X] ,9) VB #</Process><Process ToolSource="c:\program files (x86)\arcgis\desktop10.2\ArcToolbox\Toolboxes\Data Management Tools.tbx\CalculateField" Date="20170608" Time="204521">CalculateField GZ_HZ_TRA_UTM_clip_ToPo_All P_X_1 a VB "Dim a\nIf  InStr( [P_X] ,"74") &gt;0  Then\na= [P_X] - 740000\nelseif  InStr([P_X],"73") &gt;0  Then\na= [P_X] - 730000\nelse\na= [P_X] - 720000\n\nend if\n\n\n"</Process><Process ToolSource="c:\program files (x86)\arcgis\desktop10.2\ArcToolbox\Toolboxes\Data Management Tools.tbx\CalculateField" Date="20170608" Time="204730">CalculateField GZ_HZ_TRA_UTM_clip_ToPo_All P_Y_1 [P_Y]-2550000 VB #</Process><Process ToolSource="c:\program files (x86)\arcgis\desktop10.2\ArcToolbox\Toolboxes\Data Management Tools.tbx\CalculateField" Date="20170608" Time="205014">CalculateField GZ_HZ_TRA_UTM_clip_ToPo_All P_X_1 a*10000 VB "Dim a\nIf  InStr( [P_X] ,"74") &gt;0  Then\na= [P_X] - 740000\nelseif  InStr([P_X],"73") &gt;0  Then\na= [P_X] - 730000\nelse\na= [P_X] - 720000\n\nend if\n\n\n\n"</Process><Process ToolSource="c:\program files (x86)\arcgis\desktop10.2\ArcToolbox\Toolboxes\Data Management Tools.tbx\CalculateField" Date="20170608" Time="205214">CalculateField GZ_HZ_TRA_UTM_clip_ToPo_All P_Y_1 a*10000 VB "Dim a\na=[P_Y]-2550000"</Process><Process ToolSource="c:\program files (x86)\arcgis\desktop10.2\ArcToolbox\Toolboxes\Data Management Tools.tbx\CalculateField" Date="20170608" Time="205848">CalculateField GZ_HZ_TRA_UTM_clip_ToPo_All P_X_1 a*10000 VB "Dim a\nIf   [P_X] &gt; 740000  Then\na= [P_X] - 740000\nelseif  [P_X] &gt; 730000  Then\na= [P_X] - 730000\nelse\na= [P_X] - 720000\n\nend if\n\n\n\n\n"</Process><Process ToolSource="c:\program files (x86)\arcgis\desktop10.2\ArcToolbox\Toolboxes\Data Management Tools.tbx\CalculateField" Date="20170609" Time="083310">CalculateField GZ_HZ_TRA_UTM_clip_ToPo_All P_X_1 "[P_X] -700000" VB #</Process><Process ToolSource="c:\program files (x86)\arcgis\desktop10.2\ArcToolbox\Toolboxes\Data Management Tools.tbx\CalculateField" Date="20170609" Time="083405">CalculateField GZ_HZ_TRA_UTM_clip_ToPo_All P_Y_1 "[P_Y_1] -2550000" VB #</Process><Process ToolSource="c:\program files (x86)\arcgis\desktop10.2\ArcToolbox\Toolboxes\Data Management Tools.tbx\CalculateField" Date="20170609" Time="083435">CalculateField GZ_HZ_TRA_UTM_clip_ToPo_All P_Y_1 "[P_Y] -2550000" VB #</Process><Process ToolSource="c:\program files (x86)\arcgis\desktop10.2\ArcToolbox\Toolboxes\Data Management Tools.tbx\CalculateField" Date="20170609" Time="083507">CalculateField GZ_HZ_TRA_UTM_clip_ToPo_All P_Y_1 "[P_Y] -2500000" VB #</Process><Process ToolSource="c:\program files (x86)\arcgis\desktop10.2\ArcToolbox\Toolboxes\Data Management Tools.tbx\CalculateField" Date="20170609" Time="095718">CalculateField GZ_HZ_TRA_UTM_clip_ToPo_All OBJ [OBJECTID] VB #</Process></lineage></DataProperties><SyncDate>20170608</SyncDate><SyncTime>20003500</SyncTime><ModDate>20170608</ModDate><ModTime>20003500</ModTime></Esri><dataIdInfo><envirDesc Sync="TRUE"> Version 6.2 (Build 9200) ; Esri ArcGIS 10.2.2.3552</envirDesc><dataLang><languageCode value="zho" Sync="TRUE"></languageCode><countryCode value="CHN" Sync="TRUE"></countryCode></dataLang><idCitation><resTitle Sync="TRUE">GZ_HZ_TRA_UTM_clip_ToPo_All</resTitle><presForm><PresFormCd value="005" Sync="TRUE"></PresFormCd></presForm></idCitation><spatRpType><SpatRepTypCd value="001" Sync="TRUE"></SpatRepTypCd></spatRpType></dataIdInfo><mdLang><languageCode value="zho" Sync="TRUE"></languageCode><countryCode value="CHN" Sync="TRUE"></countryCode></mdLang><mdChar><CharSetCd value="004" Sync="TRUE"></CharSetCd></mdChar><distInfo><distFormat><formatName Sync="TRUE">File Geodatabase Feature Class</formatName></distFormat><distTranOps><transSize Sync="TRUE">0.000</transSize></distTranOps></distInfo><mdHrLv><ScopeCd value="005" Sync="TRUE"></ScopeCd></mdHrLv><mdHrLvName Sync="TRUE">dataset</mdHrLvName><refSysInfo><RefSystem><refSysID><identCode code="32649" Sync="TRUE" value="4326"></identCode><idCodeSpace Sync="TRUE">EPSG</idCodeSpace><idVersion Sync="TRUE">8.2.6</idVersion></refSysID></RefSystem></refSysInfo><spatRepInfo><VectSpatRep><geometObjs Name="GZ_HZ_TRA_UTM_clip_ToPo_All"><geoObjTyp><GeoObjTypCd value="004" Sync="TRUE"></GeoObjTypCd></geoObjTyp><geoObjCnt Sync="TRUE">0</geoObjCnt></geometObjs><topLvl><TopoLevCd value="001" Sync="TRUE"></TopoLevCd></topLvl></VectSpatRep></spatRepInfo><spdoinfo><ptvctinf><esriterm Name="GZ_HZ_TRA_UTM_clip_ToPo_All"><efeatyp Sync="TRUE">Simple</efeatyp><efeageom code="1" Sync="TRUE"></efeageom><esritopo Sync="TRUE">FALSE</esritopo><efeacnt Sync="TRUE">0</efeacnt><spindex Sync="TRUE">TRUE</spindex><linrefer Sync="TRUE">TRUE</linrefer></esriterm></ptvctinf></spdoinfo><eainfo><detailed Name="GZ_HZ_TRA_UTM_clip_ToPo_All"><enttyp><enttypl Sync="TRUE">GZ_HZ_TRA_UTM_clip_ToPo_All</enttypl><enttypt Sync="TRUE">Feature Class</enttypt><enttypc Sync="TRUE">0</enttypc></enttyp><attr><attrlabl Sync="TRUE">OBJECTID</attrlabl><attalias Sync="TRUE">OBJECTID</attalias><attrtype Sync="TRUE">OID</attrtype><attwidth Sync="TRUE">4</attwidth><atprecis Sync="TRUE">0</atprecis><attscale Sync="TRUE">0</attscale><attrdef Sync="TRUE">Internal feature number.</attrdef><attrdefs Sync="TRUE">Esri</attrdefs><attrdomv><udom Sync="TRUE">Sequential unique whole numbers that are automatically generated.</udom></attrdomv></attr><attr><attrlabl Sync="TRUE">Shape</attrlabl><attalias Sync="TRUE">Shape</attalias><attrtype Sync="TRUE">Geometry</attrtype><attwidth Sync="TRUE">0</attwidth><atprecis Sync="TRUE">0</atprecis><attscale Sync="TRUE">0</attscale><attrdef Sync="TRUE">Feature geometry.</attrdef><attrdefs Sync="TRUE">Esri</attrdefs><attrdomv><udom Sync="TRUE">Coordinates defining the features.</udom></attrdomv></attr><attr><attrlabl Sync="TRUE">Join_Count</attrlabl><attalias Sync="TRUE">Join_Count</attalias><attrtype Sync="TRUE">Integer</attrtype><attwidth Sync="TRUE">4</attwidth><atprecis Sync="TRUE">0</atprecis><attscale Sync="TRUE">0</attscale></attr><attr><attrlabl Sync="TRUE">TARGET_FID</attrlabl><attalias Sync="TRUE">TARGET_FID</attalias><attrtype Sync="TRUE">Integer</attrtype><attwidth Sync="TRUE">4</attwidth><atprecis Sync="TRUE">0</atprecis><attscale Sync="TRUE">0</attscale></attr><attr><attrlabl Sync="TRUE">GEOCODE</attrlabl><attalias Sync="TRUE">GEOCODE</attalias><attrtype Sync="TRUE">Double</attrtype><attwidth Sync="TRUE">8</attwidth><atprecis Sync="TRUE">0</atprecis><attscale Sync="TRUE">0</attscale></attr><attr><attrlabl Sync="TRUE">NAME</attrlabl><attalias Sync="TRUE">NAME</attalias><attrtype Sync="TRUE">String</attrtype><attwidth Sync="TRUE">50</attwidth><atprecis Sync="TRUE">0</atprecis><attscale Sync="TRUE">0</attscale></attr><attr><attrlabl Sync="TRUE">ROADNO</attrlabl><attalias Sync="TRUE">ROADNO</attalias><attrtype Sync="TRUE">String</attrtype><attwidth Sync="TRUE">10</attwidth><atprecis Sync="TRUE">0</atprecis><attscale Sync="TRUE">0</attscale></attr><attr><attrlabl Sync="TRUE">MATERIALTY</attrlabl><attalias Sync="TRUE">MATERIALTY</attalias><attrtype Sync="TRUE">String</attrtype><attwidth Sync="TRUE">10</attwidth><atprecis Sync="TRUE">0</atprecis><attscale Sync="TRUE">0</attscale></attr><attr><attrlabl Sync="TRUE">STARTDATE</attrlabl><attalias Sync="TRUE">STARTDATE</attalias><attrtype Sync="TRUE">Date</attrtype><attwidth Sync="TRUE">8</attwidth><atprecis Sync="TRUE">0</atprecis><attscale Sync="TRUE">0</attscale></attr><attr><attrlabl Sync="TRUE">UPDATEDATE</attrlabl><attalias Sync="TRUE">UPDATEDATE</attalias><attrtype Sync="TRUE">Date</attrtype><attwidth Sync="TRUE">8</attwidth><atprecis Sync="TRUE">0</atprecis><attscale Sync="TRUE">0</attscale></attr><attr><attrlabl Sync="TRUE">RANK</attrlabl><attalias Sync="TRUE">RANK</attalias><attrtype Sync="TRUE">Integer</attrtype><attwidth Sync="TRUE">4</attwidth><atprecis Sync="TRUE">0</atprecis><attscale Sync="TRUE">0</attscale></attr><attr><attrlabl Sync="TRUE">STATUS</attrlabl><attalias Sync="TRUE">STATUS</attalias><attrtype Sync="TRUE">Integer</attrtype><attwidth Sync="TRUE">4</attwidth><atprecis Sync="TRUE">0</atprecis><attscale Sync="TRUE">0</attscale></attr><attr><attrlabl Sync="TRUE">NAME_1</attrlabl><attalias Sync="TRUE">NAME</attalias><attrtype Sync="TRUE">String</attrtype><attwidth Sync="TRUE">50</attwidth><atprecis Sync="TRUE">0</atprecis><attscale Sync="TRUE">0</attscale></attr><attr><attrlabl Sync="TRUE">ORIG_FID</attrlabl><attalias Sync="TRUE">ORIG_FID</attalias><attrtype Sync="TRUE">Integer</attrtype><attwidth Sync="TRUE">4</attwidth><atprecis Sync="TRUE">0</atprecis><attscale Sync="TRUE">0</attscale></attr></detailed></eainfo><mdDateSt Sync="TRUE">20170608</mdDateSt></metadata>
